Workbook

Sheet 지출(개인)
I2: 지출(개인)-0
B4: 2026년 | C4: 지출 증빙 내역서 (개인)
B6: 9월
Y7: P1
Y8: P2
B9: ㈜ 오파스넷의 성장과 발전을 위해 열심히 노력해 주시는 임직원 여러분들의 노고에 진심으로 감사 드립니다. | Y9: P3
B10: 본부명 | C10: 사업D본부 | F10: ※ 월 총 사용금액: | H10: =SUM(B15:I15) -> 80000 | Y10: P4
B11: 직무등급 | C11: P5 | Y11: P5
B12: 성 명 | C12: 박규남 | Y12: P6
B13: ▣ 항목별 집계 금액 | Y13: P7
B14: 통신비 | C14: 야근/휴일식대 | E14: 접대비 | G14: 회식비 | H14: 회의식대 | I14: 기타 (지출증빙)
B15: =SUMIF($B$18:$B$41,B$14,$I$18:$I$41)+SUMIF('지출(개인)-1'!$B$5:$B$40,'지출(개인)'!B$14,'지출(개인)-1'!$I$5:$I$40) -> 80000 | C15: =SUMIF($B$18:$B$41,"야근식대",$I$18:$I$41)+SUMIF('지출(개인)-1'!$B$5:$B$40,"야근식대",'지출(개인)-1'!$I$5:$I$40)+SUMIF($B$18:$B$41,"휴일식대",$I$18:$I$41)+SUMIF('지출(개인)-1'!$B$5:$B$40,"휴일식대",'지출(개인)-1'!$I$5:$I$40) -> 0 | E15: =SUMIF($B$18:$B$41,"접대비",$I$18:$I$41)+SUMIF('지출(개인)-1'!$B$5:$B$40,"접대비",'지출(개인)-1'!$I$5:$I$40) -> 0 | G15: =SUMIF($B$18:$B$41,G$14,$I$18:$I$41)+SUMIF('지출(개인)-1'!$B$5:$B$40,'지출(개인)'!G$14,'지출(개인)-1'!$I$5:$I$40) -> 0 | H15: =SUMIF($B$18:$B$41,"회의식대",$I$18:$I$41)+SUMIF('지출(개인)-1'!$B$5:$B$40,"회의식대",'지출(개인)-1'!$I$5:$I$40) -> 0 | I15: =SUMIF($B$18:$B$41,"우편물 발송",$I$18:$I$41)+SUMIF($B$18:$B$41,"택배비",I18:I41)+SUMIF($B$18:$B$41,"소모품비",$I$18:$I$41)+SUMIF($B$18:$B$41,"도서인쇄비",$I$18:$I$41)+SUMIF($B$18:$B$41,"지급수수료",$I$18:$I$41)+SUMIF($B$18:$B$41,"기타(지출증빙)",$I$18:$I$41)+SUMIF('지출(개인)-1'!$B$5:$B$40,"우편물 발송",'지출(개인)-1'!$I$5:$I$40)+SUMIF('지출(개인)-1'!$B$5:$B$40,"택배비",'지출(개인)-1'!$I$5:$I$40)+SUMIF('지출(개인)-1'!$B$5:$B$40,"소모품비",'지출(개인)-1'!$I$5:$I$40)+SUMIF('지출(개인)-1'!$B$5:$B$40,"도서인쇄비",'지출(개인)-1'!$I$5:$I$40)+SUMIF('지출(개인)-1'!$B$5:$B$40,"지급수수료",'지출(개인)-1'!$I$5:$I$40)+SUMIF('지출(개인)-1'!$B$5:$B$40,"기타(지출증빙)",'지출(개인)-1'!$I$5:$I$40) -> 0
B16: ▣ 세부 내역 | F16: * 개인지출 사적 사용 시 지급정지 등 불이익이 발생됩니다.
B17: 지출항목 | C17: 일 | D17: 이용점명 | E17: 사용내역 | H17: 참석자 | I17: 사용금액
B18: 통신비 | E18: 휴대폰 요금 | I18: 80000
B44: *개인/법인카드 지출은 사적사용을 금합니다. | I44: "Best IT Service Leader"

Sheet 지출(개인)-1
E2: * 개인지출 사적 사용 시 지급정지 등 불이익이 발생됩니다. | I2: 지출(개인)-1
B4: 지출항목 | C4: 일 | D4: 이용점명 | E4: 사용내역 | G4: 참석자 | I4: 사용금액
B43: *개인/법인카드 지출은 사적사용을 금합니다. | I43: "Best IT Service Leader"

Sheet 여비교통(개인)
N2: 여비교통(개인)-0
B4: 2026년 | D4: 차량 운행 내역서 (개인)
B6: 9월 | AD6: P1
AD7: P2
B8: ㈜ 오파스넷의 성장과 발전을 위해 열심히 노력해 주시는 임직원 여러분들의 노고에 진심으로 감사 드립니다. | AD8: P3
B9: 본부명 | E9: ='지출(개인)'!C10 -> 사업D본부 | H9: ※ 월 총 사용금액: | L9: =B14+E14 -> 7500 | AD9: P4
B10: 직무등급 | E10: ='지출(개인)'!C11 -> P5 | AD10: P5
B11: 성 명 | E11: ='지출(개인)'!C12 -> 박규남 | AD11: P6
B12: ▣ 항목별 집계 금액 | AD12: P7
B13: 시내교통비 | E13: 주차비
B14: =SUM(H41:J41,L41:M41,'여비교통(개인)-1'!H43:J43,'여비교통(개인)-1'!L43:M43) -> 7500 | E14: =SUM(K41,'여비교통(개인)-1'!K43) -> 0
B15: ▣ 세부 내역 | J15: * 개인지출 사적 사용 시 지급정지 등 불이익이 발생됩니다.
B16: 일 | C16: 운행구간 | E16: 목적지 | F16: 방문내용 | H16: 자기차량(주행거리) | J16: 자기차량(운행일지) | L16: 대중교통 | N16: 비고
C17: 출발 | D17: 도착 | H17: 일반차량 | I17: 전기차량 | J17: 통행료 | K17: 주차료 | L17: 택시 | M17: 버스/지하철 | Q17: <작성 예시>
B18: 2 | C18: 아산역 | D18: 탕정역 | E18: 자책 | F18: 타임게이트 미팅 후 귀가 | L18: 7500
B41: 석유공사 평균 가격: | E41: 1859 | H41: =H42/8*E41 -> 0 | I41: =I42/4*293 -> 0 | J41: =SUM(J18:J40) -> 0 | K41: =SUM(K18:K40) -> 0 | L41: =SUM(L18:L40) -> 7500 | M41: =SUM(M18:M40) -> 0
H42: =SUM(H18:H40) -> 0 | I42: =SUM(I18:I40) -> 0
B44: *개인/법인카드 지출은 사적사용을 금합니다. | N44: "Best IT Service Leader"

Sheet 여비교통(개인)-1
H2: * 개인지출 사적 사용 시 지급정지 등 불이익이 발생됩니다. | N2: 여비교통(개인)-1
B4: 일 | C4: 운행구간 | E4: 목적지 | F4: 방문내용 | H4: 자기차량(주행거리) | J4: 자기차량(운행일지) | L4: 대중교통 | N4: 비고
C5: 출발 | D5: 도착 | H5: 일반차량 | I5: 전기차량 | J5: 통행료 | K5: 주차료 | L5: 택시 | M5: 버스/지하철
Q17: <작성 예시>
B43: 석유공사 평균 가격: | E43: 1859 | H43: =H44/8*E43 -> 0 | I43: =I44/4*293 -> 0 | J43: =SUM(J6:J42) -> 0 | K43: =SUM(K6:K42) -> 0 | L43: =SUM(L6:L42) -> 0 | M43: =SUM(M6:M42) -> 0
H44: =SUM(H6:H42) -> 0 | I44: =SUM(I6:I42) -> 0
B46: *개인/법인카드 지출은 사적사용을 금합니다. | N46: "Best IT Service Leader"

Sheet 지출(법인)
I2: 지출(법인)-0
B4: 2026년 | C4: 지출 증빙 내역서 (법인)
B6: 9월
Y7: P1
Y8: P2
B9: ㈜ 오파스넷의 성장과 발전을 위해 열심히 노력해 주시는 임직원 여러분들의 노고에 진심으로 감사 드립니다. | Y9: P3
B10: 본부명 | C10: ='지출(개인)'!C10 -> 사업D본부 | F10: ※ 월 총 사용금액: | H10: =SUM(B15:H15) -> 0 | Y10: P4
B11: 직무등급 | C11: ='지출(개인)'!C11 -> P5 | Y11: P5
B12: 성 명 | C12: ='지출(개인)'!C12 -> 박규남 | F12: 법인카드번호 | G12: 1 | Y12: P6
B13: ▣ 항목별 집계 금액 | Y13: P7
B14: 야근/휴일식대 | D14: 접대비 | F14: 회식비 | G14: 회의식대 | H14: 기타(법인카드)
B15: =SUMIF($B$18:$B$41,"야근식대",$I$18:$I$41)+SUMIF('지출(법인)-1'!$B$5:$B$40,"야근식대",'지출(법인)-1'!$I$5:$I$40)+SUMIF($B$18:$B$41,"휴일식대",$I$18:$I$41)+SUMIF('지출(법인)-1'!$B$5:$B$40,"휴일식대",'지출(법인)-1'!$I$5:$I$40)+SUMIF('지출(법인)-2'!$B$5:$B$40,"야근식대",'지출(법인)-2'!$I$5:$I$40)+SUMIF('지출(법인)-2'!$B$5:$B$40,"휴일식대",'지출(법인)-2'!$I$5:$I$40) -> 0 | D15: =SUMIF($B$18:$B$41,"접대비",$I$18:$I$41)+SUMIF('지출(법인)-1'!$B$5:$B$40,"접대비",'지출(법인)-1'!$I$5:$I$40)+SUMIF('지출(법인)-2'!$B$5:$B$40,"접대비",'지출(법인)-2'!$I$5:$I$40) -> 0 | F15: =SUMIF($B$18:$B$41,"회식비",$I$18:$I$41)+SUMIF('지출(법인)-1'!$B$5:$B$40,"회식비",'지출(법인)-1'!$I$5:$I$40)+SUMIF('지출(법인)-2'!$B$5:$B$40,"회식비",'지출(법인)-2'!$I$5:$I$40) -> 0 | G15: =SUMIF($B$18:$B$41,"회의식대",$I$18:$I$41)+SUMIF('지출(법인)-1'!$B$5:$B$40,"회의식대",'지출(법인)-1'!$I$5:$I$40)+SUMIF('지출(법인)-2'!$B$5:$B$40,"회의식대",'지출(법인)-2'!$I$5:$I$40) -> 0 | H15: =SUMIF($B$18:$B$41,"우편물 발송",$I$18:$I$41)+SUMIF($B$18:$B$41,"택배비",I18:I41)+SUMIF($B$18:$B$41,"소모품비",$I$18:$I$41)+SUMIF($B$18:$B$41,"도서인쇄비",$I$18:$I$41)+SUMIF($B$18:$B$41,"지급수수료",$I$18:$I$41)+SUMIF($B$18:$B$41,"기타(법인카드)",$I$18:$I$41)+SUMIF('지출(법인)-1'!$B$5:$B$40,"우편물 발송",'지출(법인)-1'!$I$5:$I$40)+SUMIF('지출(법인)-1'!$B$5:$B$40,"택배비",'지출(법인)-1'!$I$5:$I$40)+SUMIF('지출(법인)-1'!$B$5:$B$40,"소모품비",'지출(법인)-1'!$I$5:$I$40)+SUMIF('지출(법인)-1'!$B$5:$B$40,"도서인쇄비",'지출(법인)-1'!$I$5:$I$40)+SUMIF('지출(법인)-1'!$B$5:$B$40,"지급수수료",'지출(법인)-1'!$I$5:$I$40)+SUMIF('지출(법인)-1'!$B$5:$B$40,"기타(법인카드)",'지출(법인)-1'!$I$5:$I$40)+SUMIF('지출(법인)-2'!$B$5:$B$40,"우편물 발송",'지출(법인)-2'!$I$5:$I$40)+SUMIF('지출(법인)-2'!$B$5:$B$40,"택배비",'지출(법인)-2'!$I$5:$I$40)+SUMIF('지출(법인)-2'!$B$5:$B$40,"소모품비",'지출(법인)-2'!$I$5:$I$40)+SUMIF('지출(법인)-2'!$B$5:$B$40,"도서인쇄비",'지출(법인)-2'!$I$5:$I$40)+SUMIF('지출(법인)-2'!$B$5:$B$40,"지급수수료",'지출(법인)-2'!$I$5:$I$40)+SUMIF('지출(법인)-2'!$B$5:$B$40,"기타(법인카드)",'지출(법인)-2'!$I$5:$I$40) -> 0
B16: ▣ 세부 내역 | F16: * 법인카드 사적 사용 시 지급정지 및 발급제한 등 불이익이 발생됩니다.
B17: 지출항목 | C17: 일 | D17: 이용점명 | E17: 사용내역 | G17: 참석자 | I17: 사용금액
L27: <작성 예시>
B44: *개인/법인카드 지출은 사적사용을 금합니다. | I44: "Best IT Service Leader"
B46: 2본부R&D 5584-2040-0374-9406
B47: 강병규 4289-0993-1130-2943
B48: 강윤수 4289-0993-1322-6512
B49: 강정규 4289-0993-1206-3197
B50: 강정원 4289-0993-1006-3777
B51: 강정훈 5589-2098-9700-7931
B52: 고동언 5589-2098-9999-1066
B53: 고제광 4289-0993-1280-0531
B54: 구정회 5589-2098-9809-0183
B55: 권도관 5275-8500-0540-4079
B56: 권보근 4289-0993-1213-6464
B57: 권영욱 4289-0993-1407-6551
... B306: 황하돈 4289-0993-0681-5149

Sheet 지출(법인)-1
E2: * 법인카드 사적 사용 시 지급정지 및 발급제한 등 불이익이 발생됩니다. | I2: 지출(법인)-1
B4: 지출항목 | C4: 일 | D4: 이용점명 | E4: 사용내역 | G4: 참석자 | I4: 사용금액
L28: <작성 예시>
B43: *개인/법인카드 지출은 사적사용을 금합니다. | I43: "Best IT Service Leader"

Sheet 지출(법인)-2
E2: * 법인카드 사적 사용 시 지급정지 및 발급제한 등 불이익이 발생됩니다. | I2: 지출(법인)-1
B4: 지출항목 | C4: 일 | D4: 이용점명 | E4: 사용내역 | G4: 참석자 | I4: 사용금액
L28: <작성 예시>
B43: *개인/법인카드 지출은 사적사용을 금합니다. | I43: "Best IT Service Leader"

Sheet 여비교통(법인)
N2: 여비교통(법인)-0
B4: 2026년 | D4: 차량 운행 내역서 (법인)
B6: 9월
B8: ㈜ 오파스넷의 성장과 발전을 위해 열심히 노력해 주시는 임직원 여러분들의 노고에 진심으로 감사 드립니다.
B9: 본부명 | E9: ='지출(개인)'!C10 -> 사업D본부 | H9: ※ 월 총 사용금액: | L9: =B14+E14 -> 0
B10: 직무등급 | E10: ='지출(개인)'!C11 -> P5
B11: 성 명 | E11: ='지출(개인)'!C12 -> 박규남 | H11: 법인카드번호 | L11: 1
B12: ▣ 항목별 집계 금액
B13: 시내교통비 | E13: 주차비
B14: =SUM(H41:J41,L41:M41,'여비교통(법인)-1'!H43:J43,'여비교통(법인)-1'!L43:M43) -> 0 | E14: =SUM(K41,'여비교통(법인)-1'!K43) -> 0
B15: ▣ 세부 내역 | H15: * 법인카드 사적 사용 시 지급정지 및 발급제한 등 불이익이 발생됩니다.
B16: 일 | C16: 운행구간 | E16: 목적지 | F16: 방문내용 | H16: 자기차량(주행거리) | J16: 자기차량(운행일지) | L16: 대중교통 | N16: 비고
C17: 출발 | D17: 도착 | H17: 일반차량 | I17: 전기차량 | J17: 통행료 | K17: 주차료 | L17: 택시 | M17: 버스/지하철 | Q17: <작성 예시>
B41: 석유공사 평균 가격: | E41: 1859 | H41: =H42/8*E41 -> 0 | I41: =I42/4*293 -> 0 | J41: =SUM(J18:J40) -> 0 | K41: =SUM(K18:K40) -> 0 | L41: =SUM(L18:L40) -> 0 | M41: =SUM(M18:M40) -> 0
H42: =SUM(H18:H40) -> 0 | I42: =SUM(I18:I40) -> 0
B44: *개인/법인카드 지출은 사적사용을 금합니다. | N44: "Best IT Service Leader"
B47: 2본부R&D 5584-2040-0374-9406
B48: 강병규 4289-0993-1130-2943
B49: 강윤수 4289-0993-1322-6512
B50: 강정규 4289-0993-1206-3197
B51: 강정원 4289-0993-1006-3777
B52: 강정훈 5589-2098-9700-7931
B53: 고동언 5589-2098-9999-1066
B54: 고제광 4289-0993-1280-0531
B55: 구정회 5589-2098-9809-0183
B56: 권도관 5275-8500-0540-4079
B57: 권보근 4289-0993-1213-6464
B58: 권영욱 4289-0993-1407-6551
... B307: 황하돈 4289-0993-0681-5149

Sheet 여비교통(법인)-1
G2: * 법인카드 사적 사용 시 지급정지 및 발급제한 등 불이익이 발생됩니다. | N2: 여비교통(법인)-1
B4: 일 | C4: 운행구간 | E4: 목적지 | F4: 방문내용 | H4: 자기차량(주행거리) | J4: 자기차량(운행일지) | L4: 대중교통 | N4: 비고
C5: 출발 | D5: 도착 | H5: 일반차량 | I5: 전기차량 | J5: 통행료 | K5: 주차료 | L5: 택시 | M5: 버스/지하철
Q17: <작성 예시>
B43: 석유공사 평균 가격: | E43: 1859 | H43: =H44/8*E43 -> 0 | I43: =I44/4*293 -> 0 | J43: =SUM(J6:J42) -> 0 | K43: =SUM(K6:K42) -> 0 | L43: =SUM(L6:L42) -> 0 | M43: =SUM(M6:M42) -> 0
H44: =SUM(H6:H42) -> 0 | I44: =SUM(I6:I42) -> 0
B46: *개인/법인카드 지출은 사적사용을 금합니다. | N46: "Best IT Service Leader"
B48: 2본부R&D 5584-2040-0374-9406
B49: 강병규 4289-0993-1130-2943
B50: 강윤수 4289-0993-0608-5222
B51: 강정원 4289-0993-1006-3777
B52: 강정훈 5589-2098-8196-3412
B53: 고동언 5589-2098-8256-1090
B54: 구정회 5589-2098-9728-3821
B55: 권도관 5275-8500-0582-2403
B56: 권영욱 4289-0993-0658-8282
B57: 권태욱 5589-2098-8188-9377
B58: 김경진 5589-2098-8216-9449
B59: 김계웅 4289-0993-0539-4906
... B245: 황하돈 4289-0993-0681-5149
